{"cameraMode":{"drawMode":0,"name":"Shaded","section":"Shading Mode"},"sceneLighting":false,"audioPlay":false,"sceneViewState":{"m_AlwaysRefresh":false,"showFog":true,"showSkybox":true,"showFlares":true,"showImageEffects":true,"showParticleSystems":true,"showVisualEffectGraphs":true,"m_FxEnabled":true},"in2DMode":false,"pivot":{"x":-2.25600528717041,"y":0.1693924367427826,"z":-12.249433517456055},"rotation":{"x":-0.024266986176371576,"y":0.05754825100302696,"z":-0.001399159780703485,"w":-0.9980483651161194},"size":0.8660253882408142,"orthographic":false}